model,feature,layer,train_lang,test_lang,accuracy,accuracy_std,macro_f1,macro_f1_std,majority,majority_std,majority_acc,majority_acc_std,n,n_classes,n_splits
xlsr300m,voicing,0,en_us,de_de,0.711968935587026,0.006269497826218133,0.7027500367076103,0.0063540680334580385,0.3723297491039427,0.0028340494572456814,0.5931932389218821,0.007184108488284124,4378,2,1
xlsr300m,voicing,0,en_us,es_419,0.6487804878048781,0.008305834466566415,0.6156853264030577,0.008369897567387628,0.40324804657576224,0.0024389459408899012,0.6757381258023106,0.006853177403797035,3895,2,1
xlsr300m,voicing,0,de_de,en_us,0.6846511627906977,0.008485070470430272,0.6763661358689426,0.008536662781669958,0.37024018746338605,0.0034718443582908943,0.587906976744186,0.00875642883662027,3225,2,1
xlsr300m,voicing,0,de_de,es_419,0.6536585365853659,0.0075193533897085895,0.6431629194852956,0.007589547529915682,0.40324804657576224,0.0024389459408899012,0.6757381258023106,0.006853177403797035,3895,2,1
xlsr300m,voicing,0,es_419,en_us,0.6449612403100775,0.008828479163949837,0.6025036952180095,0.009005207909743558,0.37024018746338605,0.0034718443582908943,0.587906976744186,0.00875642883662027,3225,2,1
xlsr300m,voicing,0,es_419,de_de,0.7190497944266788,0.006717074650991539,0.6911424518503784,0.0069927448797988375,0.3723297491039427,0.0028340494572456814,0.5931932389218821,0.007184108488284124,4378,2,1
xlsr300m,nasal,0,en_us,de_de,0.8390227576974565,0.003574898967033676,0.7268104679049421,0.005524430312517199,0.462565762849049,0.0010006616793049108,0.8606927710843374,0.0034636290408000363,11952,2,1
xlsr300m,nasal,0,en_us,es_419,0.7822552749913525,0.0037837528998499776,0.626761178648154,0.005390454429360248,0.47398107714701604,0.0007260363982629536,0.9010722933241093,0.0026249259239447633,11564,2,1
xlsr300m,nasal,0,de_de,en_us,0.8258042436687201,0.004080927625486615,0.645813542833805,0.007071711637361526,0.47119502925740486,0.0009290408051868059,0.8910563540953684,0.003323131987555008,8766,2,1
xlsr300m,nasal,0,de_de,es_419,0.8683846419923902,0.003133854647469405,0.6706787542724699,0.007014181747735409,0.47398107714701604,0.0007260363982629536,0.9010722933241093,0.0026249259239447633,11564,2,1
xlsr300m,nasal,0,es_419,en_us,0.8438284280173397,0.004096605613785864,0.6775381356878358,0.007400638530052817,0.47119502925740486,0.0009290408051868059,0.8910563540953684,0.003323131987555008,8766,2,1
xlsr300m,nasal,0,es_419,de_de,0.8419511378848729,0.0035355777625228142,0.7255877362338099,0.005086296496015518,0.462565762849049,0.0010006616793049108,0.8606927710843374,0.0034636290408000363,11952,2,1
xlsr300m,manner,0,en_us,de_de,0.5146420064452851,0.005925619563916973,0.41312926825152374,0.005684105718763622,0.08885013623978202,0.0013079247988190337,0.2855541544066134,0.005404910523021583,7137,5,1
xlsr300m,manner,0,en_us,es_419,0.4423165313313927,0.006792568131712311,0.3590991238124043,0.0074955660286014055,0.10087076076993584,0.0013520723123553098,0.33721464685153973,0.006049891341806822,6527,5,1
xlsr300m,manner,0,de_de,en_us,0.49367816091954025,0.006592870893957271,0.3853808624510179,0.006400081185900266,0.08658060642449715,0.001483798615682467,0.27624521072796937,0.006037145614507709,5220,5,1
xlsr300m,manner,0,de_de,es_419,0.47816761146008885,0.006527301700058739,0.3828755094717771,0.00531495841732083,0.08141549725442343,0.0013411511977125601,0.25555385322506513,0.005279043942422431,6527,5,1
xlsr300m,manner,0,es_419,en_us,0.44904214559386973,0.006306638450620935,0.396894985851758,0.00795922825912736,0.09712793733681462,0.001587246901078722,0.32068965517241377,0.0069298461966577525,5220,5,1
xlsr300m,manner,0,es_419,de_de,0.49334454252487037,0.006178072129624395,0.3997965558010487,0.006149360496511307,0.08885013623978202,0.0013079247988190337,0.2855541544066134,0.005404910523021583,7137,5,1
xlsr300m,place,0,en_us,de_de,0.5697071598710943,0.005232074014657235,0.5035553367763838,0.005741522020404721,0.2442964935641367,0.001615195904702609,0.5783942833123161,0.006034057313963319,7137,3,1
xlsr300m,place,0,en_us,es_419,0.5221388080281906,0.0060054576952464885,0.4679245063022603,0.006659356320059904,0.27444264166816895,0.0012693774536372286,0.6997089014861345,0.005501835081916693,6527,3,1
xlsr300m,place,0,de_de,en_us,0.5011494252873563,0.007198860301600569,0.4452424998972489,0.0074859937529731515,0.2707622298065984,0.001342318957935745,0.6839080459770115,0.005707973594186437,5220,3,1
xlsr300m,place,0,de_de,es_419,0.48705377662019306,0.006269083209909518,0.42875741518399196,0.006450207720290811,0.27444264166816895,0.0012693774536372286,0.6997089014861345,0.005501835081916693,6527,3,1
xlsr300m,place,0,es_419,en_us,0.5990421455938697,0.006925114065970715,0.4812535560431111,0.008025501425449784,0.2707622298065984,0.001342318957935745,0.6839080459770115,0.005707973594186437,5220,3,1
xlsr300m,place,0,es_419,de_de,0.5775535939470365,0.006199253575293405,0.5021051797587099,0.0067771621381670965,0.2442964935641367,0.001615195904702609,0.5783942833123161,0.006034057313963319,7137,3,1
xlsr300m,voicing,2,en_us,de_de,0.6772498857925994,0.006854959851099358,0.664201748822,0.006892691911396372,0.3723297491039427,0.0028340494572456814,0.5931932389218821,0.007184108488284124,4378,2,1
xlsr300m,voicing,2,en_us,es_419,0.661617458279846,0.007863983014606283,0.6072646713931091,0.008599558885591595,0.40324804657576224,0.0024389459408899012,0.6757381258023106,0.006853177403797035,3895,2,1
xlsr300m,voicing,2,de_de,en_us,0.6824806201550387,0.008864008867658988,0.6633386561927582,0.009015605757451228,0.37024018746338605,0.0034718443582908943,0.587906976744186,0.00875642883662027,3225,2,1
xlsr300m,voicing,2,de_de,es_419,0.6508344030808729,0.007094341135194665,0.6413622547246047,0.0071729500890191115,0.40324804657576224,0.0024389459408899012,0.6757381258023106,0.006853177403797035,3895,2,1
xlsr300m,voicing,2,es_419,en_us,0.627906976744186,0.008972334941542637,0.5927951467073858,0.008797833287812033,0.37024018746338605,0.0034718443582908943,0.587906976744186,0.00875642883662027,3225,2,1
xlsr300m,voicing,2,es_419,de_de,0.7245317496573778,0.006562722451781807,0.7010081035625095,0.006734717898455385,0.3723297491039427,0.0028340494572456814,0.5931932389218821,0.007184108488284124,4378,2,1
xlsr300m,nasal,2,en_us,de_de,0.8061412315930389,0.003434525760063773,0.6986146909337732,0.004892948770723307,0.462565762849049,0.0010006616793049108,0.8606927710843374,0.0034636290408000363,11952,2,1
xlsr300m,nasal,2,en_us,es_419,0.8617260463507437,0.0032428110226936746,0.6693107909705003,0.0066257426293178405,0.47398107714701604,0.0007260363982629536,0.9010722933241093,0.0026249259239447633,11564,2,1
xlsr300m,nasal,2,de_de,en_us,0.8141683778234087,0.0044566709696466315,0.6732286099767213,0.006600020290643547,0.47119502925740486,0.0009290408051868059,0.8910563540953684,0.003323131987555008,8766,2,1
xlsr300m,nasal,2,de_de,es_419,0.738498789346247,0.004425876514450163,0.5977762077639861,0.005589856569600568,0.47398107714701604,0.0007260363982629536,0.9010722933241093,0.0026249259239447633,11564,2,1
xlsr300m,nasal,2,es_419,en_us,0.8227241615331964,0.003833718911093052,0.6604523784099546,0.006701461512116423,0.47119502925740486,0.0009290408051868059,0.8910563540953684,0.003323131987555008,8766,2,1
xlsr300m,nasal,2,es_419,de_de,0.8072289156626506,0.0036477369435178233,0.6913169438962705,0.004990640842816675,0.462565762849049,0.0010006616793049108,0.8606927710843374,0.0034636290408000363,11952,2,1
xlsr300m,manner,2,en_us,de_de,0.5364999299425529,0.0058069541975251885,0.4343777409468691,0.007499770028878387,0.08885013623978202,0.0013079247988190337,0.2855541544066134,0.005404910523021583,7137,5,1
xlsr300m,manner,2,en_us,es_419,0.4256166692201624,0.006949108948166986,0.36112452335970485,0.012416115167670735,0.10087076076993584,0.0013520723123553098,0.33721464685153973,0.006049891341806822,6527,5,1
xlsr300m,manner,2,de_de,en_us,0.4747126436781609,0.007105110635543863,0.3741457540691793,0.005513231488434826,0.08658060642449715,0.001483798615682467,0.27624521072796937,0.006037145614507709,5220,5,1
xlsr300m,manner,2,de_de,es_419,0.4642255247433737,0.006263860239109128,0.3713855330860939,0.0050004090429259535,0.08141549725442343,0.0013411511977125601,0.25555385322506513,0.005279043942422431,6527,5,1
xlsr300m,manner,2,es_419,en_us,0.4371647509578544,0.007385903403305199,0.37647492638869917,0.00828764502458586,0.09712793733681462,0.001587246901078722,0.32068965517241377,0.0069298461966577525,5220,5,1
xlsr300m,manner,2,es_419,de_de,0.46896455093176403,0.006061375991741002,0.3760438409839068,0.00561154550295744,0.08885013623978202,0.0013079247988190337,0.2855541544066134,0.005404910523021583,7137,5,1
xlsr300m,place,2,en_us,de_de,0.6030545046938489,0.005682386742367567,0.5195391688959176,0.006600523736368042,0.2442964935641367,0.001615195904702609,0.5783942833123161,0.006034057313963319,7137,3,1
xlsr300m,place,2,en_us,es_419,0.6814769419335069,0.005691866953183578,0.5495151624928439,0.007725578470401973,0.27444264166816895,0.0012693774536372286,0.6997089014861345,0.005501835081916693,6527,3,1
xlsr300m,place,2,de_de,en_us,0.5082375478927204,0.00731371103881539,0.45872710353064966,0.007381202631005819,0.2707622298065984,0.001342318957935745,0.6839080459770115,0.005707973594186437,5220,3,1
xlsr300m,place,2,de_de,es_419,0.49823808794239316,0.006203252530715629,0.431708340237627,0.0064243630636776385,0.27444264166816895,0.0012693774536372286,0.6997089014861345,0.005501835081916693,6527,3,1
xlsr300m,place,2,es_419,en_us,0.593103448275862,0.0067983480131954595,0.5070937206938423,0.007757856758459087,0.2707622298065984,0.001342318957935745,0.6839080459770115,0.005707973594186437,5220,3,1
xlsr300m,place,2,es_419,de_de,0.6051562281070478,0.005591403794603818,0.5232240408213712,0.006533795613500489,0.2442964935641367,0.001615195904702609,0.5783942833123161,0.006034057313963319,7137,3,1
xlsr300m,voicing,4,en_us,de_de,0.7261306532663316,0.0063603575902959905,0.7111507122565912,0.006466299235878962,0.3723297491039427,0.0028340494572456814,0.5931932389218821,0.007184108488284124,4378,2,1
xlsr300m,voicing,4,en_us,es_419,0.6156611039794608,0.006772704721945316,0.6065096078879815,0.006955896289470448,0.40324804657576224,0.0024389459408899012,0.6757381258023106,0.006853177403797035,3895,2,1
xlsr300m,voicing,4,de_de,en_us,0.6806201550387597,0.007863837174055303,0.6660784567602387,0.007908585779916455,0.37024018746338605,0.0034718443582908943,0.587906976744186,0.00875642883662027,3225,2,1
xlsr300m,voicing,4,de_de,es_419,0.6228498074454428,0.00848613505338802,0.6195269497435554,0.008465822420680034,0.40324804657576224,0.0024389459408899012,0.6757381258023106,0.006853177403797035,3895,2,1
xlsr300m,voicing,4,es_419,en_us,0.6750387596899224,0.008926458612550491,0.6473944875107666,0.00931416846326089,0.37024018746338605,0.0034718443582908943,0.587906976744186,0.00875642883662027,3225,2,1
xlsr300m,voicing,4,es_419,de_de,0.7329830973047053,0.006636675971749578,0.7052460558185154,0.007134883564194136,0.3723297491039427,0.0028340494572456814,0.5931932389218821,0.007184108488284124,4378,2,1
xlsr300m,nasal,4,en_us,de_de,0.8488955823293173,0.003571077276835124,0.7098406279837187,0.005438388703205236,0.462565762849049,0.0010006616793049108,0.8606927710843374,0.0034636290408000363,11952,2,1
xlsr300m,nasal,4,en_us,es_419,0.87668626772743,0.003139131320393404,0.7031195461017178,0.006149630836837736,0.47398107714701604,0.0007260363982629536,0.9010722933241093,0.0026249259239447633,11564,2,1
xlsr300m,nasal,4,de_de,en_us,0.8636778462240474,0.003875227507683838,0.7260724356049115,0.00689554014093225,0.47119502925740486,0.0009290408051868059,0.8910563540953684,0.003323131987555008,8766,2,1
xlsr300m,nasal,4,de_de,es_419,0.8816153580076098,0.002873565448677899,0.727137675192453,0.0060674161995135,0.47398107714701604,0.0007260363982629536,0.9010722933241093,0.0026249259239447633,11564,2,1
xlsr300m,nasal,4,es_419,en_us,0.8744010951403148,0.003681439057129919,0.7105927059113584,0.007736917267206167,0.47119502925740486,0.0009290408051868059,0.8910563540953684,0.003323131987555008,8766,2,1
xlsr300m,nasal,4,es_419,de_de,0.8560073627844712,0.0032904450970239986,0.720314341163961,0.00532769747435615,0.462565762849049,0.0010006616793049108,0.8606927710843374,0.0034636290408000363,11952,2,1
xlsr300m,manner,4,en_us,de_de,0.504133389379291,0.005710693212694039,0.39749638157002387,0.006793709314240054,0.08885013623978202,0.0013079247988190337,0.2855541544066134,0.005404910523021583,7137,5,1
xlsr300m,manner,4,en_us,es_419,0.4683621878351463,0.006915238485927862,0.4213326268733876,0.015938298048957265,0.10087076076993584,0.0013520723123553098,0.33721464685153973,0.006049891341806822,6527,5,1
xlsr300m,manner,4,de_de,en_us,0.5174329501915709,0.006639607344467064,0.41345665937571663,0.00659936252851453,0.08658060642449715,0.001483798615682467,0.27624521072796937,0.006037145614507709,5220,5,1
xlsr300m,manner,4,de_de,es_419,0.4810785965987437,0.006654317344318256,0.4147814504807522,0.013309114147680347,0.08141549725442343,0.0013411511977125601,0.25555385322506513,0.005279043942422431,6527,5,1
xlsr300m,manner,4,es_419,en_us,0.46685823754789274,0.007167611400644294,0.4269533194325392,0.009588861591030624,0.09712793733681462,0.001587246901078722,0.32068965517241377,0.0069298461966577525,5220,5,1
xlsr300m,manner,4,es_419,de_de,0.4679837466722713,0.006196109667071828,0.3781796979635396,0.006578020713925994,0.08885013623978202,0.0013079247988190337,0.2855541544066134,0.005404910523021583,7137,5,1
xlsr300m,place,4,en_us,de_de,0.6935687263556116,0.005176048064117536,0.6194216341586376,0.006263295705669534,0.2442964935641367,0.001615195904702609,0.5783942833123161,0.006034057313963319,7137,3,1
xlsr300m,place,4,en_us,es_419,0.7459782442163322,0.005751611690613333,0.6334619564162978,0.00781860656144292,0.27444264166816895,0.0012693774536372286,0.6997089014861345,0.005501835081916693,6527,3,1
xlsr300m,place,4,de_de,en_us,0.6618773946360154,0.006644207058894574,0.5761411654170625,0.00770720687477711,0.2707622298065984,0.001342318957935745,0.6839080459770115,0.005707973594186437,5220,3,1
xlsr300m,place,4,de_de,es_419,0.5238241152137276,0.006322712765930044,0.48128127532463233,0.006339594358473884,0.27444264166816895,0.0012693774536372286,0.6997089014861345,0.005501835081916693,6527,3,1
xlsr300m,place,4,es_419,en_us,0.7507662835249043,0.006435654820071514,0.649270814881726,0.008942851267575349,0.2707622298065984,0.001342318957935745,0.6839080459770115,0.005707973594186437,5220,3,1
xlsr300m,place,4,es_419,de_de,0.6858624071738826,0.005215949654771551,0.6027868106867112,0.006230772333787865,0.2442964935641367,0.001615195904702609,0.5783942833123161,0.006034057313963319,7137,3,1
xlsr300m,voicing,6,en_us,de_de,0.7263590680676107,0.0065186477921816395,0.7184892324967017,0.006608710462574008,0.3723297491039427,0.0028340494572456814,0.5931932389218821,0.007184108488284124,4378,2,1
xlsr300m,voicing,6,en_us,es_419,0.7288831835686778,0.0066072074089531165,0.6900293186179554,0.007238122225754026,0.40324804657576224,0.0024389459408899012,0.6757381258023106,0.006853177403797035,3895,2,1
xlsr300m,voicing,6,de_de,en_us,0.6896124031007752,0.007528117675477266,0.6740815682247234,0.007661099379107068,0.37024018746338605,0.0034718443582908943,0.587906976744186,0.00875642883662027,3225,2,1
xlsr300m,voicing,6,de_de,es_419,0.7024390243902439,0.007046957102919028,0.6839532245969713,0.00722162348449187,0.40324804657576224,0.0024389459408899012,0.6757381258023106,0.006853177403797035,3895,2,1
xlsr300m,voicing,6,es_419,en_us,0.6759689922480621,0.008223451656208521,0.6463024920895915,0.008545737651012828,0.37024018746338605,0.0034718443582908943,0.587906976744186,0.00875642883662027,3225,2,1
xlsr300m,voicing,6,es_419,de_de,0.7462311557788944,0.006704824498632562,0.7226325839387254,0.007170299612710868,0.3723297491039427,0.0028340494572456814,0.5931932389218821,0.007184108488284124,4378,2,1
xlsr300m,nasal,6,en_us,de_de,0.8540829986613119,0.00328722039436292,0.7289989856974183,0.005411118621686785,0.462565762849049,0.0010006616793049108,0.8606927710843374,0.0034636290408000363,11952,2,1
xlsr300m,nasal,6,en_us,es_419,0.887149775164303,0.0029935047198699273,0.6855841972672676,0.006409564369727074,0.47398107714701604,0.0007260363982629536,0.9010722933241093,0.0026249259239447633,11564,2,1
xlsr300m,nasal,6,de_de,en_us,0.8736025553274013,0.003934501006341164,0.7345989580401581,0.006990684503452681,0.47119502925740486,0.0009290408051868059,0.8910563540953684,0.003323131987555008,8766,2,1
xlsr300m,nasal,6,de_de,es_419,0.898132134209616,0.002747217192947337,0.7365870146665491,0.006494385862071133,0.47398107714701604,0.0007260363982629536,0.9010722933241093,0.0026249259239447633,11564,2,1
xlsr300m,nasal,6,es_419,en_us,0.8848961898243213,0.0033326266205654354,0.7108486978473253,0.007287787193668557,0.47119502925740486,0.0009290408051868059,0.8910563540953684,0.003323131987555008,8766,2,1
xlsr300m,nasal,6,es_419,de_de,0.8400267737617135,0.0033103042778350683,0.7160223133789558,0.005642411406607851,0.462565762849049,0.0010006616793049108,0.8606927710843374,0.0034636290408000363,11952,2,1
xlsr300m,manner,6,en_us,de_de,0.5565363598150483,0.006117073486081178,0.4412314901852083,0.0074981157192770325,0.08885013623978202,0.0013079247988190337,0.2855541544066134,0.005404910523021583,7137,5,1
xlsr300m,manner,6,en_us,es_419,0.47924007966906695,0.00644508393263342,0.45906959672475606,0.016127236109069507,0.10087076076993584,0.0013520723123553098,0.33721464685153973,0.006049891341806822,6527,5,1
xlsr300m,manner,6,de_de,en_us,0.5187739463601533,0.007033438158047039,0.4165326163113868,0.0066123531082580254,0.08658060642449715,0.001483798615682467,0.27624521072796937,0.006037145614507709,5220,5,1
xlsr300m,manner,6,de_de,es_419,0.4639191052550942,0.005955063454548707,0.3797048128007662,0.004887174565804895,0.08141549725442343,0.0013411511977125601,0.25555385322506513,0.005279043942422431,6527,5,1
xlsr300m,manner,6,es_419,en_us,0.5072796934865901,0.007165786531077748,0.4755659322455116,0.009856830021754547,0.09712793733681462,0.001587246901078722,0.32068965517241377,0.0069298461966577525,5220,5,1
xlsr300m,manner,6,es_419,de_de,0.5048339638503573,0.006272732558296019,0.39832640450078344,0.006112806602389258,0.08885013623978202,0.0013079247988190337,0.2855541544066134,0.005404910523021583,7137,5,1
xlsr300m,place,6,en_us,de_de,0.713605156228107,0.005158572785069747,0.6545712579669803,0.006184891584472775,0.2442964935641367,0.001615195904702609,0.5783942833123161,0.006034057313963319,7137,3,1
xlsr300m,place,6,en_us,es_419,0.7700321740462693,0.005006014331020909,0.6708430131266875,0.007462003154387471,0.27444264166816895,0.0012693774536372286,0.6997089014861345,0.005501835081916693,6527,3,1
xlsr300m,place,6,de_de,en_us,0.5555555555555556,0.007395037012929749,0.5230339031491101,0.007065888083751834,0.2707622298065984,0.001342318957935745,0.6839080459770115,0.005707973594186437,5220,3,1
xlsr300m,place,6,de_de,es_419,0.536540523977325,0.006693314432982964,0.5014059808695688,0.0064678064831931855,0.27444264166816895,0.0012693774536372286,0.6997089014861345,0.005501835081916693,6527,3,1
xlsr300m,place,6,es_419,en_us,0.7312260536398467,0.006133707652824951,0.6484661866311537,0.008143512574450394,0.2707622298065984,0.001342318957935745,0.6839080459770115,0.005707973594186437,5220,3,1
xlsr300m,place,6,es_419,de_de,0.6752136752136753,0.005323434457202988,0.5818160552739795,0.0061586959756866,0.2442964935641367,0.001615195904702609,0.5783942833123161,0.006034057313963319,7137,3,1
xlsr300m,voicing,8,en_us,de_de,0.7473732297852901,0.006855239265431298,0.7325099188702155,0.0071383545497200095,0.3723297491039427,0.0028340494572456814,0.5931932389218821,0.007184108488284124,4378,2,1
xlsr300m,voicing,8,en_us,es_419,0.6736842105263158,0.007626508765101924,0.6360835551325279,0.00831637164034568,0.40324804657576224,0.0024389459408899012,0.6757381258023106,0.006853177403797035,3895,2,1
xlsr300m,voicing,8,de_de,en_us,0.6896124031007752,0.007992150316321955,0.6754361826636086,0.008092869351074955,0.37024018746338605,0.0034718443582908943,0.587906976744186,0.00875642883662027,3225,2,1
xlsr300m,voicing,8,de_de,es_419,0.711168164313222,0.007095756628351538,0.6937859057972762,0.007454471139587907,0.40324804657576224,0.0024389459408899012,0.6757381258023106,0.006853177403797035,3895,2,1
xlsr300m,voicing,8,es_419,en_us,0.6824806201550387,0.008408759072114306,0.6372306142912507,0.00883513854661141,0.37024018746338605,0.0034718443582908943,0.587906976744186,0.00875642883662027,3225,2,1
xlsr300m,voicing,8,es_419,de_de,0.6996345363179534,0.007223007664474143,0.6465252355011566,0.007968826241252351,0.3723297491039427,0.0028340494572456814,0.5931932389218821,0.007184108488284124,4378,2,1
xlsr300m,nasal,8,en_us,de_de,0.8791834002677377,0.0032286636330839153,0.7488483837557804,0.005562083897467136,0.462565762849049,0.0010006616793049108,0.8606927710843374,0.0034636290408000363,11952,2,1
xlsr300m,nasal,8,en_us,es_419,0.8678657903839502,0.0029824586577022003,0.6922089450324342,0.00645334398176451,0.47398107714701604,0.0007260363982629536,0.9010722933241093,0.0026249259239447633,11564,2,1
xlsr300m,nasal,8,de_de,en_us,0.8498745151722564,0.0036814768805676227,0.7297741273100615,0.006263650184982533,0.47119502925740486,0.0009290408051868059,0.8910563540953684,0.003323131987555008,8766,2,1
xlsr300m,nasal,8,de_de,es_419,0.7749048772051194,0.0039701105185116345,0.6401206104571633,0.00527450559904985,0.47398107714701604,0.0007260363982629536,0.9010722933241093,0.0026249259239447633,11564,2,1
xlsr300m,nasal,8,es_419,en_us,0.892539356605065,0.0031935065008852487,0.7206824118216524,0.008029478483462244,0.47119502925740486,0.0009290408051868059,0.8910563540953684,0.003323131987555008,8766,2,1
xlsr300m,nasal,8,es_419,de_de,0.8742469879518072,0.0031618535531555167,0.6959035781131092,0.006407638784606937,0.462565762849049,0.0010006616793049108,0.8606927710843374,0.0034636290408000363,11952,2,1
xlsr300m,manner,8,en_us,de_de,0.5936668067815609,0.006192986234453475,0.47591369247393167,0.007959943224970536,0.08885013623978202,0.0013079247988190337,0.2855541544066134,0.005404910523021583,7137,5,1
xlsr300m,manner,8,en_us,es_419,0.5339359583269496,0.006895987390487398,0.5267438357932718,0.01818979066273723,0.10087076076993584,0.0013520723123553098,0.33721464685153973,0.006049891341806822,6527,5,1
xlsr300m,manner,8,de_de,en_us,0.5601532567049808,0.007029925474342285,0.4506431544853113,0.006660877744618438,0.08658060642449715,0.001483798615682467,0.27624521072796937,0.006037145614507709,5220,5,1
xlsr300m,manner,8,de_de,es_419,0.4878198253408917,0.006701274238833823,0.40857252582300907,0.01170460119311916,0.08141549725442343,0.0013411511977125601,0.25555385322506513,0.005279043942422431,6527,5,1
xlsr300m,manner,8,es_419,en_us,0.5609195402298851,0.006739864374632125,0.525278997433199,0.009355238996436527,0.09712793733681462,0.001587246901078722,0.32068965517241377,0.0069298461966577525,5220,5,1
xlsr300m,manner,8,es_419,de_de,0.5343982065293541,0.0060761462814230074,0.4256270906643721,0.006340387989452033,0.08885013623978202,0.0013079247988190337,0.2855541544066134,0.005404910523021583,7137,5,1
xlsr300m,place,8,en_us,de_de,0.7253748073420204,0.004679157765737012,0.6695856706434204,0.0056228037257396455,0.2442964935641367,0.001615195904702609,0.5783942833123161,0.006034057313963319,7137,3,1
xlsr300m,place,8,en_us,es_419,0.7717174812318064,0.004954751427579734,0.6841046004643513,0.006970654913262874,0.27444264166816895,0.0012693774536372286,0.6997089014861345,0.005501835081916693,6527,3,1
xlsr300m,place,8,de_de,en_us,0.7145593869731801,0.005937803588046136,0.6452352305395103,0.006627342381134832,0.2707622298065984,0.001342318957935745,0.6839080459770115,0.005707973594186437,5220,3,1
xlsr300m,place,8,de_de,es_419,0.5771411061743527,0.0062487686816130915,0.532221974755563,0.006284519792999073,0.27444264166816895,0.0012693774536372286,0.6997089014861345,0.005501835081916693,6527,3,1
xlsr300m,place,8,es_419,en_us,0.753256704980843,0.005623667470356771,0.6780233005889271,0.007189230679603981,0.2707622298065984,0.001342318957935745,0.6839080459770115,0.005707973594186437,5220,3,1
xlsr300m,place,8,es_419,de_de,0.6704497688104245,0.005167828602481254,0.593949737527792,0.006407720010492002,0.2442964935641367,0.001615195904702609,0.5783942833123161,0.006034057313963319,7137,3,1
xlsr300m,voicing,10,en_us,de_de,0.7432617633622659,0.006028627687931791,0.722481344125317,0.006561418942290531,0.3723297491039427,0.0028340494572456814,0.5931932389218821,0.007184108488284124,4378,2,1
xlsr300m,voicing,10,en_us,es_419,0.6970474967907574,0.007823456769957623,0.6729633373977215,0.008075639784554334,0.40324804657576224,0.0024389459408899012,0.6757381258023106,0.006853177403797035,3895,2,1
xlsr300m,voicing,10,de_de,en_us,0.7057364341085272,0.007659284898313709,0.6885298188154949,0.008007049472933209,0.37024018746338605,0.0034718443582908943,0.587906976744186,0.00875642883662027,3225,2,1
xlsr300m,voicing,10,de_de,es_419,0.6734274711168164,0.007508670379932753,0.6480971659919028,0.007965077664297795,0.40324804657576224,0.0024389459408899012,0.6757381258023106,0.006853177403797035,3895,2,1
xlsr300m,voicing,10,es_419,en_us,0.6924031007751938,0.007963172248097452,0.6640433089255771,0.008217354230433944,0.37024018746338605,0.0034718443582908943,0.587906976744186,0.00875642883662027,3225,2,1
xlsr300m,voicing,10,es_419,de_de,0.7338967565098219,0.006374311806718591,0.7132409912618499,0.006568392791128562,0.3723297491039427,0.0028340494572456814,0.5931932389218821,0.007184108488284124,4378,2,1
xlsr300m,nasal,10,en_us,de_de,0.8427878179384204,0.0033580308995686016,0.7254792861789228,0.004989381958518693,0.462565762849049,0.0010006616793049108,0.8606927710843374,0.0034636290408000363,11952,2,1
xlsr300m,nasal,10,en_us,es_419,0.8520408163265306,0.003154896891496504,0.6973821573613381,0.005462051974916439,0.47398107714701604,0.0007260363982629536,0.9010722933241093,0.0026249259239447633,11564,2,1
xlsr300m,nasal,10,de_de,en_us,0.8951631302760666,0.003572070153425715,0.7659757537760373,0.006949744034746459,0.47119502925740486,0.0009290408051868059,0.8910563540953684,0.003323131987555008,8766,2,1
xlsr300m,nasal,10,de_de,es_419,0.8803182289865099,0.0029358002959207477,0.7367430104198907,0.006073058646060601,0.47398107714701604,0.0007260363982629536,0.9010722933241093,0.0026249259239447633,11564,2,1
xlsr300m,nasal,10,es_419,en_us,0.8899155829340635,0.0031788357034190375,0.7571946929618038,0.006912971235831675,0.47119502925740486,0.0009290408051868059,0.8910563540953684,0.003323131987555008,8766,2,1
xlsr300m,nasal,10,es_419,de_de,0.8814424364123159,0.0030659395657941587,0.7415673567035341,0.006236815040126297,0.462565762849049,0.0010006616793049108,0.8606927710843374,0.0034636290408000363,11952,2,1
xlsr300m,manner,10,en_us,de_de,0.5999719770211573,0.006298187055057792,0.4777536067673793,0.007946500575328086,0.08885013623978202,0.0013079247988190337,0.2855541544066134,0.005404910523021583,7137,5,1
xlsr300m,manner,10,en_us,es_419,0.5509422399264593,0.006636265123122831,0.5201022122688329,0.015564625633499158,0.10087076076993584,0.0013520723123553098,0.33721464685153973,0.006049891341806822,6527,5,1
xlsr300m,manner,10,de_de,en_us,0.5860153256704981,0.00660811252164944,0.46878987991926035,0.005466408293954468,0.08658060642449715,0.001483798615682467,0.27624521072796937,0.006037145614507709,5220,5,1
xlsr300m,manner,10,de_de,es_419,0.5144783208212043,0.006624476062393062,0.4115808382658071,0.005318406688806067,0.08141549725442343,0.0013411511977125601,0.25555385322506513,0.005279043942422431,6527,5,1
xlsr300m,manner,10,es_419,en_us,0.5678160919540229,0.006676780048608854,0.5248739346739273,0.00855789632229692,0.09712793733681462,0.001587246901078722,0.32068965517241377,0.0069298461966577525,5220,5,1
xlsr300m,manner,10,es_419,de_de,0.5421045257110831,0.006123417642711802,0.43682644958670547,0.005736353135478212,0.08885013623978202,0.0013079247988190337,0.2855541544066134,0.005404910523021583,7137,5,1
xlsr300m,place,10,en_us,de_de,0.748773994675634,0.00457769742711017,0.6943457454635521,0.0053821938114170615,0.2442964935641367,0.001615195904702609,0.5783942833123161,0.006034057313963319,7137,3,1
xlsr300m,place,10,en_us,es_419,0.8023594300597519,0.005026516752637464,0.7069970622742439,0.007641065270130719,0.27444264166816895,0.0012693774536372286,0.6997089014861345,0.005501835081916693,6527,3,1
xlsr300m,place,10,de_de,en_us,0.6848659003831418,0.006836533152471307,0.6229964701998618,0.0076057002613487785,0.2707622298065984,0.001342318957935745,0.6839080459770115,0.005707973594186437,5220,3,1
xlsr300m,place,10,de_de,es_419,0.6059445380726214,0.006439748327012573,0.536127556715967,0.006956779477390039,0.27444264166816895,0.0012693774536372286,0.6997089014861345,0.005501835081916693,6527,3,1
xlsr300m,place,10,es_419,en_us,0.7787356321839081,0.005734708727043205,0.6855959166690223,0.007966573656672624,0.2707622298065984,0.001342318957935745,0.6839080459770115,0.005707973594186437,5220,3,1
xlsr300m,place,10,es_419,de_de,0.6733921815889029,0.00558211473960874,0.5934103257189651,0.00643881224606188,0.2442964935641367,0.001615195904702609,0.5783942833123161,0.006034057313963319,7137,3,1
xlsr300m,voicing,12,en_us,de_de,0.7414344449520329,0.006431528089857598,0.7134568262422625,0.006807763220916918,0.3723297491039427,0.0028340494572456814,0.5931932389218821,0.007184108488284124,4378,2,1
xlsr300m,voicing,12,en_us,es_419,0.7406931964056482,0.006946805654126838,0.6783307985412681,0.008046512234922854,0.40324804657576224,0.0024389459408899012,0.6757381258023106,0.006853177403797035,3895,2,1
xlsr300m,voicing,12,de_de,en_us,0.6753488372093023,0.007986588120612256,0.6716998743318563,0.008132008037913913,0.37024018746338605,0.0034718443582908943,0.587906976744186,0.00875642883662027,3225,2,1
xlsr300m,voicing,12,de_de,es_419,0.6739409499358151,0.00787617750233969,0.6498835268983785,0.008209291786922434,0.40324804657576224,0.0024389459408899012,0.6757381258023106,0.006853177403797035,3895,2,1
xlsr300m,voicing,12,es_419,en_us,0.7196899224806201,0.008493451596897714,0.6877805840946944,0.008895747382896974,0.37024018746338605,0.0034718443582908943,0.587906976744186,0.00875642883662027,3225,2,1
xlsr300m,voicing,12,es_419,de_de,0.7501142074006396,0.006164410545575007,0.7211949344028076,0.0066186375710942675,0.3723297491039427,0.0028340494572456814,0.5931932389218821,0.007184108488284124,4378,2,1
xlsr300m,nasal,12,en_us,de_de,0.8711512717536813,0.003478946550052733,0.7487613521674596,0.00556173955859178,0.462565762849049,0.0010006616793049108,0.8606927710843374,0.0034636290408000363,11952,2,1
xlsr300m,nasal,12,en_us,es_419,0.8791940505015565,0.003064481183438317,0.7130755272811136,0.0066282288124106855,0.47398107714701604,0.0007260363982629536,0.9010722933241093,0.0026249259239447633,11564,2,1
xlsr300m,nasal,12,de_de,en_us,0.8949349760438056,0.0033016100627710557,0.766173861815594,0.006913281695850259,0.47119502925740486,0.0009290408051868059,0.8910563540953684,0.003323131987555008,8766,2,1
xlsr300m,nasal,12,de_de,es_419,0.8184884123140782,0.0037065607983641,0.6755856294997127,0.0054174931178985405,0.47398107714701604,0.0007260363982629536,0.9010722933241093,0.0026249259239447633,11564,2,1
xlsr300m,nasal,12,es_419,en_us,0.8804471822952316,0.0035338707599738314,0.7336295618285553,0.007451782731712952,0.47119502925740486,0.0009290408051868059,0.8910563540953684,0.003323131987555008,8766,2,1
xlsr300m,nasal,12,es_419,de_de,0.8409471218206158,0.0033647148168234413,0.710614773852103,0.005457560418566434,0.462565762849049,0.0010006616793049108,0.8606927710843374,0.0034636290408000363,11952,2,1
xlsr300m,manner,12,en_us,de_de,0.6121619728177106,0.005913909429119691,0.49460558698724866,0.007191543778769584,0.08885013623978202,0.0013079247988190337,0.2855541544066134,0.005404910523021583,7137,5,1
xlsr300m,manner,12,en_us,es_419,0.5569174199479087,0.006460551671852955,0.542970144719118,0.015079196561671181,0.10087076076993584,0.0013520723123553098,0.33721464685153973,0.006049891341806822,6527,5,1
xlsr300m,manner,12,de_de,en_us,0.6040229885057471,0.00668093382145841,0.4922789522243348,0.006788581178384627,0.08658060642449715,0.001483798615682467,0.27624521072796937,0.006037145614507709,5220,5,1
xlsr300m,manner,12,de_de,es_419,0.5486440937643634,0.006361992471829003,0.4404187965992971,0.005103883369490439,0.08141549725442343,0.0013411511977125601,0.25555385322506513,0.005279043942422431,6527,5,1
xlsr300m,manner,12,es_419,en_us,0.5593869731800766,0.007147881825320454,0.5236881103224378,0.008557124661716233,0.09712793733681462,0.001587246901078722,0.32068965517241377,0.0069298461966577525,5220,5,1
xlsr300m,manner,12,es_419,de_de,0.5317360235393023,0.005932017851433184,0.4350089463022693,0.005097726133706512,0.08885013623978202,0.0013079247988190337,0.2855541544066134,0.005404910523021583,7137,5,1
xlsr300m,place,12,en_us,de_de,0.7392461818691327,0.004888409215194438,0.6694329729002034,0.005936925168832119,0.2442964935641367,0.001615195904702609,0.5783942833123161,0.006034057313963319,7137,3,1
xlsr300m,place,12,en_us,es_419,0.799448444921097,0.0045915551273508865,0.7071016425113653,0.007174562208169246,0.27444264166816895,0.0012693774536372286,0.6997089014861345,0.005501835081916693,6527,3,1
xlsr300m,place,12,de_de,en_us,0.6047892720306514,0.006841352035364785,0.570310237809018,0.007007661625561564,0.2707622298065984,0.001342318957935745,0.6839080459770115,0.005707973594186437,5220,3,1
xlsr300m,place,12,de_de,es_419,0.6712118890761453,0.005770916626985473,0.5833011508984605,0.0066220350666394865,0.27444264166816895,0.0012693774536372286,0.6997089014861345,0.005501835081916693,6527,3,1
xlsr300m,place,12,es_419,en_us,0.7622605363984675,0.0057912557837987945,0.677457828054041,0.007816838427284409,0.2707622298065984,0.001342318957935745,0.6839080459770115,0.005707973594186437,5220,3,1
xlsr300m,place,12,es_419,de_de,0.6924478072019056,0.005512102130123655,0.6189562890569925,0.006657362862741336,0.2442964935641367,0.001615195904702609,0.5783942833123161,0.006034057313963319,7137,3,1
xlsr300m,voicing,14,en_us,de_de,0.7626770214709914,0.005998156916076765,0.7455770032864322,0.00613064670098319,0.3723297491039427,0.0028340494572456814,0.5931932389218821,0.007184108488284124,4378,2,1
xlsr300m,voicing,14,en_us,es_419,0.7373555840821566,0.007344017682292441,0.6656276126874684,0.008845635747641953,0.40324804657576224,0.0024389459408899012,0.6757381258023106,0.006853177403797035,3895,2,1
xlsr300m,voicing,14,de_de,en_us,0.7066666666666667,0.007592721521757839,0.6959669543379905,0.007847046838687297,0.37024018746338605,0.0034718443582908943,0.587906976744186,0.00875642883662027,3225,2,1
xlsr300m,voicing,14,de_de,es_419,0.6482670089858793,0.0075516705996059455,0.6360011732765795,0.007637566739869465,0.40324804657576224,0.0024389459408899012,0.6757381258023106,0.006853177403797035,3895,2,1
xlsr300m,voicing,14,es_419,en_us,0.69984496124031,0.008009978753394414,0.6652317105289121,0.008437406415554448,0.37024018746338605,0.0034718443582908943,0.587906976744186,0.00875642883662027,3225,2,1
xlsr300m,voicing,14,es_419,de_de,0.7288716308816812,0.006425109722105877,0.6953104465229316,0.006696789060833858,0.3723297491039427,0.0028340494572456814,0.5931932389218821,0.007184108488284124,4378,2,1
xlsr300m,nasal,14,en_us,de_de,0.8740796519410977,0.0032740367064394062,0.7017602102522407,0.0059581301117450835,0.462565762849049,0.0010006616793049108,0.8606927710843374,0.0034636290408000363,11952,2,1
xlsr300m,nasal,14,en_us,es_419,0.8905223106191629,0.002804567595289085,0.704622767171699,0.006938905963036884,0.47398107714701604,0.0007260363982629536,0.9010722933241093,0.0026249259239447633,11564,2,1
xlsr300m,nasal,14,de_de,en_us,0.8862651152178873,0.003377205000879496,0.7617648234967427,0.006496485882499325,0.47119502925740486,0.0009290408051868059,0.8910563540953684,0.003323131987555008,8766,2,1
xlsr300m,nasal,14,de_de,es_419,0.8789346246973365,0.0032634129824849205,0.7382424969779924,0.006174932843399561,0.47398107714701604,0.0007260363982629536,0.9010722933241093,0.0026249259239447633,11564,2,1
xlsr300m,nasal,14,es_419,en_us,0.8788501026694046,0.0034288393176961523,0.7456174128507652,0.006594551188704744,0.47119502925740486,0.0009290408051868059,0.8910563540953684,0.003323131987555008,8766,2,1
xlsr300m,nasal,14,es_419,de_de,0.8740796519410977,0.0030020040387741596,0.7491284615117159,0.005386819190873306,0.462565762849049,0.0010006616793049108,0.8606927710843374,0.0034636290408000363,11952,2,1
xlsr300m,manner,14,en_us,de_de,0.5945074961468404,0.005854334125131679,0.4780001651828981,0.007638905082494879,0.08885013623978202,0.0013079247988190337,0.2855541544066134,0.005404910523021583,7137,5,1
xlsr300m,manner,14,en_us,es_419,0.5670292630611307,0.005907307560413487,0.5678546009720637,0.01633447439990691,0.10087076076993584,0.0013520723123553098,0.33721464685153973,0.006049891341806822,6527,5,1
xlsr300m,manner,14,de_de,en_us,0.6003831417624521,0.007096061620040122,0.4975387622595477,0.008136276762527974,0.08658060642449715,0.001483798615682467,0.27624521072796937,0.006037145614507709,5220,5,1
xlsr300m,manner,14,de_de,es_419,0.5895510954496705,0.0063840233632746,0.4737763319405345,0.005169127301162961,0.08141549725442343,0.0013411511977125601,0.25555385322506513,0.005279043942422431,6527,5,1
xlsr300m,manner,14,es_419,en_us,0.589463601532567,0.007142596350831168,0.5467622474091111,0.008742009015923534,0.09712793733681462,0.001587246901078722,0.32068965517241377,0.0069298461966577525,5220,5,1
xlsr300m,manner,14,es_419,de_de,0.5694269300826678,0.006105664634922707,0.4573057069389148,0.005897777728192225,0.08885013623978202,0.0013079247988190337,0.2855541544066134,0.005404910523021583,7137,5,1
xlsr300m,place,14,en_us,de_de,0.7573210032226426,0.004578879925726404,0.6913047655038427,0.005510136925146885,0.2442964935641367,0.001615195904702609,0.5783942833123161,0.006034057313963319,7137,3,1
xlsr300m,place,14,en_us,es_419,0.7957714110617435,0.004623439504695728,0.6970802238948712,0.006969206741436217,0.27444264166816895,0.0012693774536372286,0.6997089014861345,0.005501835081916693,6527,3,1
xlsr300m,place,14,de_de,en_us,0.6796934865900384,0.0063292870905998395,0.6149952120554416,0.007193275830120795,0.2707622298065984,0.001342318957935745,0.6839080459770115,0.005707973594186437,5220,3,1
xlsr300m,place,14,de_de,es_419,0.7210050559215566,0.005164477484284269,0.5919336793372687,0.006867256138919237,0.27444264166816895,0.0012693774536372286,0.6997089014861345,0.005501835081916693,6527,3,1
xlsr300m,place,14,es_419,en_us,0.7576628352490421,0.006277878911422883,0.6798778686709953,0.008484355994149782,0.2707622298065984,0.001342318957935745,0.6839080459770115,0.005707973594186437,5220,3,1
xlsr300m,place,14,es_419,de_de,0.7091214796132829,0.005189493276811691,0.6447647291156016,0.006215486309671986,0.2442964935641367,0.001615195904702609,0.5783942833123161,0.006034057313963319,7137,3,1
xlsr300m,voicing,16,en_us,de_de,0.7925993604385564,0.005730296889995513,0.7788936114923011,0.005870811668535414,0.3723297491039427,0.0028340494572456814,0.5931932389218821,0.007184108488284124,4378,2,1
xlsr300m,voicing,16,en_us,es_419,0.7881899871630296,0.00653458426189885,0.7560381483565928,0.007496837783229882,0.40324804657576224,0.0024389459408899012,0.6757381258023106,0.006853177403797035,3895,2,1
xlsr300m,voicing,16,de_de,en_us,0.7162790697674418,0.007540646662071267,0.7033207863508509,0.007618905951321549,0.37024018746338605,0.0034718443582908943,0.587906976744186,0.00875642883662027,3225,2,1
xlsr300m,voicing,16,de_de,es_419,0.7496790757381258,0.006994021534737214,0.7331277834874956,0.007458130167541627,0.40324804657576224,0.0024389459408899012,0.6757381258023106,0.006853177403797035,3895,2,1
xlsr300m,voicing,16,es_419,en_us,0.7348837209302326,0.007780399070673454,0.7130282743709362,0.00816335220039105,0.37024018746338605,0.0034718443582908943,0.587906976744186,0.00875642883662027,3225,2,1
xlsr300m,voicing,16,es_419,de_de,0.7448606669712198,0.005959363505352431,0.7188769648025506,0.006476689171964651,0.3723297491039427,0.0028340494572456814,0.5931932389218821,0.007184108488284124,4378,2,1
xlsr300m,nasal,16,en_us,de_de,0.8678882195448461,0.0033549497212742784,0.7387564309167394,0.005545376829999823,0.462565762849049,0.0010006616793049108,0.8606927710843374,0.0034636290408000363,11952,2,1
xlsr300m,nasal,16,en_us,es_419,0.8785022483569699,0.00309484942001814,0.7045707006115558,0.006451137987552032,0.47398107714701604,0.0007260363982629536,0.9010722933241093,0.0026249259239447633,11564,2,1
xlsr300m,nasal,16,de_de,en_us,0.9023499885922884,0.0031064225106167305,0.7876916850538851,0.006645806898354076,0.47119502925740486,0.0009290408051868059,0.8910563540953684,0.003323131987555008,8766,2,1
xlsr300m,nasal,16,de_de,es_419,0.7580421999308198,0.00413175353639895,0.6348956640740661,0.005031497482300873,0.47398107714701604,0.0007260363982629536,0.9010722933241093,0.0026249259239447633,11564,2,1
xlsr300m,nasal,16,es_419,en_us,0.9081679215149441,0.003179957468660059,0.7764293769523258,0.007496206367708799,0.47119502925740486,0.0009290408051868059,0.8910563540953684,0.003323131987555008,8766,2,1
xlsr300m,nasal,16,es_419,de_de,0.8788487282463187,0.0030328893437867985,0.7234001202901693,0.00570247740790697,0.462565762849049,0.0010006616793049108,0.8606927710843374,0.0034636290408000363,11952,2,1
xlsr300m,manner,16,en_us,de_de,0.6495726495726496,0.005380448425918965,0.5195543889779957,0.00818341450169392,0.08885013623978202,0.0013079247988190337,0.2855541544066134,0.005404910523021583,7137,5,1
xlsr300m,manner,16,en_us,es_419,0.6132986057913283,0.006410707954543524,0.5851692096629697,0.015098438970315967,0.10087076076993584,0.0013520723123553098,0.33721464685153973,0.006049891341806822,6527,5,1
xlsr300m,manner,16,de_de,en_us,0.6467432950191571,0.006935715481076948,0.5556496479607136,0.010473553761548397,0.08658060642449715,0.001483798615682467,0.27624521072796937,0.006037145614507709,5220,5,1
xlsr300m,manner,16,de_de,es_419,0.6074766355140186,0.006146794744812751,0.49834157446272587,0.011487279473611452,0.08141549725442343,0.0013411511977125601,0.25555385322506513,0.005279043942422431,6527,5,1
xlsr300m,manner,16,es_419,en_us,0.6040229885057471,0.007142611251317086,0.5784494988068023,0.010044535252421093,0.09712793733681462,0.001587246901078722,0.32068965517241377,0.0069298461966577525,5220,5,1
xlsr300m,manner,16,es_419,de_de,0.5734902620148522,0.005818454453060351,0.46047257359509847,0.007333312217942533,0.08885013623978202,0.0013079247988190337,0.2855541544066134,0.005404910523021583,7137,5,1
xlsr300m,place,16,en_us,de_de,0.7647470926159451,0.004808925249992558,0.6978485939561428,0.005939989768848518,0.2442964935641367,0.001615195904702609,0.5783942833123161,0.006034057313963319,7137,3,1
xlsr300m,place,16,en_us,es_419,0.819672131147541,0.004505853448115902,0.7279097966967264,0.00680787613995532,0.27444264166816895,0.0012693774536372286,0.6997089014861345,0.005501835081916693,6527,3,1
xlsr300m,place,16,de_de,en_us,0.7091954022988506,0.005727150388666634,0.6500388979521972,0.006113264720527174,0.2707622298065984,0.001342318957935745,0.6839080459770115,0.005707973594186437,5220,3,1
xlsr300m,place,16,de_de,es_419,0.6673816454726521,0.005882285312871102,0.5675992270751955,0.006609350358428045,0.27444264166816895,0.0012693774536372286,0.6997089014861345,0.005501835081916693,6527,3,1
xlsr300m,place,16,es_419,en_us,0.7693486590038314,0.006035065881331474,0.6964609255601576,0.008012052645118633,0.2707622298065984,0.001342318957935745,0.6839080459770115,0.005707973594186437,5220,3,1
xlsr300m,place,16,es_419,de_de,0.7299985988510579,0.005393254341981603,0.6716395544984773,0.006419735021539976,0.2442964935641367,0.001615195904702609,0.5783942833123161,0.006034057313963319,7137,3,1
xlsr300m,voicing,18,en_us,de_de,0.828917313841937,0.005339327286258891,0.8213857715174885,0.005558632618837454,0.3723297491039427,0.0028340494572456814,0.5931932389218821,0.007184108488284124,4378,2,1
xlsr300m,voicing,18,en_us,es_419,0.8123234916559692,0.006403854827516561,0.7780812735651446,0.007372373810378059,0.40324804657576224,0.0024389459408899012,0.6757381258023106,0.006853177403797035,3895,2,1
xlsr300m,voicing,18,de_de,en_us,0.7389147286821706,0.008288642956913,0.7260448521916412,0.008568358903136309,0.37024018746338605,0.0034718443582908943,0.587906976744186,0.00875642883662027,3225,2,1
xlsr300m,voicing,18,de_de,es_419,0.7445442875481386,0.0071519784450140254,0.7353497338730147,0.00733094239219838,0.40324804657576224,0.0024389459408899012,0.6757381258023106,0.006853177403797035,3895,2,1
xlsr300m,voicing,18,es_419,en_us,0.7274418604651163,0.008338600678913389,0.6995883238569859,0.008729216209632499,0.37024018746338605,0.0034718443582908943,0.587906976744186,0.00875642883662027,3225,2,1
xlsr300m,voicing,18,es_419,de_de,0.7718136135221563,0.00630501771315247,0.7575182895744643,0.006516640632716647,0.3723297491039427,0.0028340494572456814,0.5931932389218821,0.007184108488284124,4378,2,1
xlsr300m,nasal,18,en_us,de_de,0.8867971887550201,0.003040095108143486,0.7606414744824876,0.0056410232087948506,0.462565762849049,0.0010006616793049108,0.8606927710843374,0.0034636290408000363,11952,2,1
xlsr300m,nasal,18,en_us,es_419,0.901764095468696,0.0028194491341194993,0.6978407628872657,0.007573584657016725,0.47398107714701604,0.0007260363982629536,0.9010722933241093,0.0026249259239447633,11564,2,1
xlsr300m,nasal,18,de_de,en_us,0.892539356605065,0.003252263905727359,0.771823336017362,0.006610803911561259,0.47119502925740486,0.0009290408051868059,0.8910563540953684,0.003323131987555008,8766,2,1
xlsr300m,nasal,18,de_de,es_419,0.8702006226219301,0.0033093191121451675,0.7323540062598786,0.0059892102434140945,0.47398107714701604,0.0007260363982629536,0.9010722933241093,0.0026249259239447633,11564,2,1
xlsr300m,nasal,18,es_419,en_us,0.8971024412502852,0.0029961261645609066,0.7560131081981782,0.006891827907263277,0.47119502925740486,0.0009290408051868059,0.8910563540953684,0.003323131987555008,8766,2,1
xlsr300m,nasal,18,es_419,de_de,0.8821954484605087,0.003078836828251228,0.7432776657700625,0.00576606895742377,0.462565762849049,0.0010006616793049108,0.8606927710843374,0.0034636290408000363,11952,2,1
xlsr300m,manner,18,en_us,de_de,0.6568586240717388,0.005750812842876165,0.5374550497038478,0.010193944640706071,0.08885013623978202,0.0013079247988190337,0.2855541544066134,0.005404910523021583,7137,5,1
xlsr300m,manner,18,en_us,es_419,0.5811245595219856,0.006111854320121215,0.5794665584308222,0.015423617324342947,0.10087076076993584,0.0013520723123553098,0.33721464685153973,0.006049891341806822,6527,5,1
xlsr300m,manner,18,de_de,en_us,0.6337164750957854,0.006221474812022384,0.5298041701112106,0.008859847853215554,0.08658060642449715,0.001483798615682467,0.27624521072796937,0.006037145614507709,5220,5,1
xlsr300m,manner,18,de_de,es_419,0.5782135743833308,0.00668262192066796,0.4844344147910899,0.011099325860357872,0.08141549725442343,0.0013411511977125601,0.25555385322506513,0.005279043942422431,6527,5,1
xlsr300m,manner,18,es_419,en_us,0.621072796934866,0.006496343428703498,0.5714756954645583,0.00858493149461321,0.09712793733681462,0.001587246901078722,0.32068965517241377,0.0069298461966577525,5220,5,1
xlsr300m,manner,18,es_419,de_de,0.611321283452431,0.0055990744486373,0.4888724160868632,0.005615674107826585,0.08885013623978202,0.0013079247988190337,0.2855541544066134,0.005404910523021583,7137,5,1
xlsr300m,place,18,en_us,de_de,0.7539582457615245,0.004826715287951862,0.6937585479785137,0.005795144508303698,0.2442964935641367,0.001615195904702609,0.5783942833123161,0.006034057313963319,7137,3,1
xlsr300m,place,18,en_us,es_419,0.7433736785659568,0.005350761151188221,0.6663764766656507,0.007484515153610291,0.27444264166816895,0.0012693774536372286,0.6997089014861345,0.005501835081916693,6527,3,1
xlsr300m,place,18,de_de,en_us,0.7120689655172414,0.006099208914138958,0.6480282967294178,0.0063789161037529464,0.2707622298065984,0.001342318957935745,0.6839080459770115,0.005707973594186437,5220,3,1
xlsr300m,place,18,de_de,es_419,0.5818906082426842,0.006298716947629941,0.5492578100656633,0.006745304030699716,0.27444264166816895,0.0012693774536372286,0.6997089014861345,0.005501835081916693,6527,3,1
xlsr300m,place,18,es_419,en_us,0.7952107279693487,0.0053443191095557735,0.7194750898244302,0.007536390730841308,0.2707622298065984,0.001342318957935745,0.6839080459770115,0.005707973594186437,5220,3,1
xlsr300m,place,18,es_419,de_de,0.7354630797253748,0.004868451992735897,0.6715464180089628,0.006114487436527014,0.2442964935641367,0.001615195904702609,0.5783942833123161,0.006034057313963319,7137,3,1
xlsr300m,voicing,20,en_us,de_de,0.8145271813613523,0.005312896362432798,0.8057227299207684,0.005452716813472367,0.3723297491039427,0.0028340494572456814,0.5931932389218821,0.007184108488284124,4378,2,1
xlsr300m,voicing,20,en_us,es_419,0.737612323491656,0.006929438873490295,0.7269120117580361,0.007166723392989569,0.40324804657576224,0.0024389459408899012,0.6757381258023106,0.006853177403797035,3895,2,1
xlsr300m,voicing,20,de_de,en_us,0.7187596899224806,0.008410521052297034,0.6967954746666936,0.008881214955669368,0.37024018746338605,0.0034718443582908943,0.587906976744186,0.00875642883662027,3225,2,1
xlsr300m,voicing,20,de_de,es_419,0.723234916559692,0.006787214885132545,0.714873609750718,0.006975669746898261,0.40324804657576224,0.0024389459408899012,0.6757381258023106,0.006853177403797035,3895,2,1
xlsr300m,voicing,20,es_419,en_us,0.6858914728682171,0.008353312843813436,0.6412172929986566,0.00896377152615742,0.37024018746338605,0.0034718443582908943,0.587906976744186,0.00875642883662027,3225,2,1
xlsr300m,voicing,20,es_419,de_de,0.7293284604842394,0.007446434275955292,0.6930556573688137,0.008120267033049338,0.3723297491039427,0.0028340494572456814,0.5931932389218821,0.007184108488284124,4378,2,1
xlsr300m,nasal,20,en_us,de_de,0.8687248995983936,0.003244035236963344,0.7521436271812283,0.00542271861311262,0.462565762849049,0.0010006616793049108,0.8606927710843374,0.0034636290408000363,11952,2,1
xlsr300m,nasal,20,en_us,es_419,0.8974403320650294,0.0029166793969959567,0.7344260045060564,0.006392214490506091,0.47398107714701604,0.0007260363982629536,0.9010722933241093,0.0026249259239447633,11564,2,1
xlsr300m,nasal,20,de_de,en_us,0.8827287246178417,0.003303519998306339,0.7559568377868251,0.0066673069421441696,0.47119502925740486,0.0009290408051868059,0.8910563540953684,0.003323131987555008,8766,2,1
xlsr300m,nasal,20,de_de,es_419,0.8768592182635766,0.0032703931165477687,0.7340467997536073,0.006265353087706859,0.47398107714701604,0.0007260363982629536,0.9010722933241093,0.0026249259239447633,11564,2,1
xlsr300m,nasal,20,es_419,en_us,0.90497376226329,0.003067339134280832,0.7472203798985784,0.007788590886093388,0.47119502925740486,0.0009290408051868059,0.8910563540953684,0.003323131987555008,8766,2,1
xlsr300m,nasal,20,es_419,de_de,0.8790160642570282,0.002989187941235372,0.7449092074968677,0.0054590602031568914,0.462565762849049,0.0010006616793049108,0.8606927710843374,0.0034636290408000363,11952,2,1
xlsr300m,manner,20,en_us,de_de,0.6473308112652375,0.005343991938351494,0.5173644576899707,0.008647435118817165,0.08885013623978202,0.0013079247988190337,0.2855541544066134,0.005404910523021583,7137,5,1
xlsr300m,manner,20,en_us,es_419,0.5556917419947909,0.006977353038918699,0.5157057677463946,0.014532951508380023,0.10087076076993584,0.0013520723123553098,0.33721464685153973,0.006049891341806822,6527,5,1
xlsr300m,manner,20,de_de,en_us,0.5936781609195402,0.006965262691398126,0.48738394748868713,0.007153336390932313,0.08658060642449715,0.001483798615682467,0.27624521072796937,0.006037145614507709,5220,5,1
xlsr300m,manner,20,de_de,es_419,0.5435881722077525,0.006400296306231782,0.43836803190822876,0.005109366887592812,0.08141549725442343,0.0013411511977125601,0.25555385322506513,0.005279043942422431,6527,5,1
xlsr300m,manner,20,es_419,en_us,0.5708812260536399,0.006161506778855399,0.4891752085381431,0.006212290841040806,0.09712793733681462,0.001587246901078722,0.32068965517241377,0.0069298461966577525,5220,5,1
xlsr300m,manner,20,es_419,de_de,0.5865209471766849,0.0059538212918303106,0.47192111034665685,0.005354371429626976,0.08885013623978202,0.0013079247988190337,0.2855541544066134,0.005404910523021583,7137,5,1
xlsr300m,place,20,en_us,de_de,0.7517164074541124,0.004975612075619326,0.7032254919866463,0.006137442770780394,0.2442964935641367,0.001615195904702609,0.5783942833123161,0.006034057313963319,7137,3,1
xlsr300m,place,20,en_us,es_419,0.7688064960931515,0.005118921666063293,0.6842090553962982,0.00721058861204301,0.27444264166816895,0.0012693774536372286,0.6997089014861345,0.005501835081916693,6527,3,1
xlsr300m,place,20,de_de,en_us,0.7076628352490422,0.006793925381336504,0.6243195516916867,0.007929791974296727,0.2707622298065984,0.001342318957935745,0.6839080459770115,0.005707973594186437,5220,3,1
xlsr300m,place,20,de_de,es_419,0.6716715183085644,0.005579473931304959,0.5762771613537518,0.006814147516820309,0.27444264166816895,0.0012693774536372286,0.6997089014861345,0.005501835081916693,6527,3,1
xlsr300m,place,20,es_419,en_us,0.7754789272030651,0.0061108934130503344,0.684563789516876,0.00829566005434711,0.2707622298065984,0.001342318957935745,0.6839080459770115,0.005707973594186437,5220,3,1
xlsr300m,place,20,es_419,de_de,0.7143057306991734,0.005230709509325847,0.6317268944741166,0.006093084486228327,0.2442964935641367,0.001615195904702609,0.5783942833123161,0.006034057313963319,7137,3,1
xlsr300m,voicing,22,en_us,de_de,0.8035632708999543,0.005581470724622176,0.7933342291404292,0.005944374405742507,0.3723297491039427,0.0028340494572456814,0.5931932389218821,0.007184108488284124,4378,2,1
xlsr300m,voicing,22,en_us,es_419,0.7489088575096278,0.00709263227298331,0.7152578571672039,0.007631839815684012,0.40324804657576224,0.0024389459408899012,0.6757381258023106,0.006853177403797035,3895,2,1
xlsr300m,voicing,22,de_de,en_us,0.7274418604651163,0.007329562922757642,0.7180697613427747,0.007668683620718551,0.37024018746338605,0.0034718443582908943,0.587906976744186,0.00875642883662027,3225,2,1
xlsr300m,voicing,22,de_de,es_419,0.721181001283697,0.00779006389170594,0.7119572500670062,0.007946432932272957,0.40324804657576224,0.0024389459408899012,0.6757381258023106,0.006853177403797035,3895,2,1
xlsr300m,voicing,22,es_419,en_us,0.7165891472868217,0.008014485863411856,0.6813108803091608,0.00831121132379651,0.37024018746338605,0.0034718443582908943,0.587906976744186,0.00875642883662027,3225,2,1
xlsr300m,voicing,22,es_419,de_de,0.7364093193238922,0.006373237955235812,0.7004965667628689,0.007327453875765776,0.3723297491039427,0.0028340494572456814,0.5931932389218821,0.007184108488284124,4378,2,1
xlsr300m,nasal,22,en_us,de_de,0.8625334672021419,0.003202384024437319,0.7656416860319939,0.004856334072332517,0.462565762849049,0.0010006616793049108,0.8606927710843374,0.0034636290408000363,11952,2,1
xlsr300m,nasal,22,en_us,es_419,0.8988239363542027,0.0028107314332560694,0.7545383593002485,0.006072554672285902,0.47398107714701604,0.0007260363982629536,0.9010722933241093,0.0026249259239447633,11564,2,1
xlsr300m,nasal,22,de_de,en_us,0.8715491672370522,0.0036179506573903166,0.7433051928699268,0.006490024960795481,0.47119502925740486,0.0009290408051868059,0.8910563540953684,0.003323131987555008,8766,2,1
xlsr300m,nasal,22,de_de,es_419,0.8768592182635766,0.0029092572750937587,0.7286769026154691,0.005973098228084777,0.47398107714701604,0.0007260363982629536,0.9010722933241093,0.0026249259239447633,11564,2,1
xlsr300m,nasal,22,es_419,en_us,0.906342687656856,0.0030457175225481943,0.7550782922999881,0.007767036059902686,0.47119502925740486,0.0009290408051868059,0.8910563540953684,0.003323131987555008,8766,2,1
xlsr300m,nasal,22,es_419,de_de,0.8902275769745649,0.0028995694695917924,0.7714631095590272,0.005564355708004601,0.462565762849049,0.0010006616793049108,0.8606927710843374,0.0034636290408000363,11952,2,1
xlsr300m,manner,22,en_us,de_de,0.6434075942272663,0.006005934313721889,0.5125812751850779,0.008479320753553862,0.08885013623978202,0.0013079247988190337,0.2855541544066134,0.005404910523021583,7137,5,1
xlsr300m,manner,22,en_us,es_419,0.5776007354067719,0.005917240737038908,0.5127262203412998,0.011977894827846348,0.10087076076993584,0.0013520723123553098,0.33721464685153973,0.006049891341806822,6527,5,1
xlsr300m,manner,22,de_de,en_us,0.5908045977011495,0.00667512674987353,0.48193360784038886,0.006507113121831003,0.08658060642449715,0.001483798615682467,0.27624521072796937,0.006037145614507709,5220,5,1
xlsr300m,manner,22,de_de,es_419,0.5506358204381798,0.006576906372980136,0.44042444471991027,0.00527378945464842,0.08141549725442343,0.0013411511977125601,0.25555385322506513,0.005279043942422431,6527,5,1
xlsr300m,manner,22,es_419,en_us,0.557088122605364,0.006810459607484512,0.4916356780354681,0.008564318962261987,0.09712793733681462,0.001587246901078722,0.32068965517241377,0.0069298461966577525,5220,5,1
xlsr300m,manner,22,es_419,de_de,0.5823175003502873,0.00597443402616661,0.46702654602004634,0.005554931763993699,0.08885013623978202,0.0013079247988190337,0.2855541544066134,0.005404910523021583,7137,5,1
xlsr300m,place,22,en_us,de_de,0.742749054224464,0.004813156885949359,0.690893049398151,0.005853121543572967,0.2442964935641367,0.001615195904702609,0.5783942833123161,0.006034057313963319,7137,3,1
xlsr300m,place,22,en_us,es_419,0.7663551401869159,0.00489589786177838,0.6799231630006969,0.006736580433874338,0.27444264166816895,0.0012693774536372286,0.6997089014861345,0.005501835081916693,6527,3,1
xlsr300m,place,22,de_de,en_us,0.689463601532567,0.006580119283801154,0.6207832767915896,0.007400559029463753,0.2707622298065984,0.001342318957935745,0.6839080459770115,0.005707973594186437,5220,3,1
xlsr300m,place,22,de_de,es_419,0.6237168683928298,0.006150724917159981,0.5441394416524528,0.006962415670306304,0.27444264166816895,0.0012693774536372286,0.6997089014861345,0.005501835081916693,6527,3,1
xlsr300m,place,22,es_419,en_us,0.7563218390804598,0.0055742106527022035,0.6746862711023972,0.007470773999031118,0.2707622298065984,0.001342318957935745,0.6839080459770115,0.005707973594186437,5220,3,1
xlsr300m,place,22,es_419,de_de,0.7313997477931904,0.0052108086317057345,0.6655526334886533,0.00612168471350437,0.2442964935641367,0.001615195904702609,0.5783942833123161,0.006034057313963319,7137,3,1
xlsr300m,voicing,24,en_us,de_de,0.7894015532206486,0.005598108946369691,0.7743129894338754,0.006020838997432307,0.3723297491039427,0.0028340494572456814,0.5931932389218821,0.007184108488284124,4378,2,1
xlsr300m,voicing,24,en_us,es_419,0.7471116816431322,0.006738761506839163,0.7056392253211148,0.007711569141995404,0.40324804657576224,0.0024389459408899012,0.6757381258023106,0.006853177403797035,3895,2,1
xlsr300m,voicing,24,de_de,en_us,0.7184496124031008,0.007757695691205831,0.7074625374625374,0.008245432973496333,0.37024018746338605,0.0034718443582908943,0.587906976744186,0.00875642883662027,3225,2,1
xlsr300m,voicing,24,de_de,es_419,0.6806161745827984,0.00772309687159289,0.6770199699988748,0.007764234902913797,0.40324804657576224,0.0024389459408899012,0.6757381258023106,0.006853177403797035,3895,2,1
xlsr300m,voicing,24,es_419,en_us,0.724031007751938,0.008106222863185153,0.6940861668221326,0.00845118874518005,0.37024018746338605,0.0034718443582908943,0.587906976744186,0.00875642883662027,3225,2,1
xlsr300m,voicing,24,es_419,de_de,0.7430333485609868,0.0066924566199732935,0.7103312624687239,0.007370832038033869,0.3723297491039427,0.0028340494572456814,0.5931932389218821,0.007184108488284124,4378,2,1
xlsr300m,nasal,24,en_us,de_de,0.8265562248995983,0.0037228924678922525,0.7267657106433356,0.005183342859663736,0.462565762849049,0.0010006616793049108,0.8606927710843374,0.0034636290408000363,11952,2,1
xlsr300m,nasal,24,en_us,es_419,0.8824801106883431,0.0029284840276488575,0.7339030666086571,0.0058929574014657616,0.47398107714701604,0.0007260363982629536,0.9010722933241093,0.0026249259239447633,11564,2,1
xlsr300m,nasal,24,de_de,en_us,0.8544375998174766,0.003763751350982155,0.72709586242454,0.006396859067210765,0.47119502925740486,0.0009290408051868059,0.8910563540953684,0.003323131987555008,8766,2,1
xlsr300m,nasal,24,de_de,es_419,0.8391560013836042,0.003292205108519836,0.6769660668570414,0.0060128201045807385,0.47398107714701604,0.0007260363982629536,0.9010722933241093,0.0026249259239447633,11564,2,1
xlsr300m,nasal,24,es_419,en_us,0.9002966005019393,0.0031053867547133646,0.738654337361234,0.007670368697033339,0.47119502925740486,0.0009290408051868059,0.8910563540953684,0.003323131987555008,8766,2,1
xlsr300m,nasal,24,es_419,de_de,0.8839524765729585,0.002878996004290489,0.7607370386607564,0.005538282353209345,0.462565762849049,0.0010006616793049108,0.8606927710843374,0.0034636290408000363,11952,2,1
xlsr300m,manner,24,en_us,de_de,0.6341600112091915,0.005533919475602695,0.5106940530969812,0.009192054275911282,0.08885013623978202,0.0013079247988190337,0.2855541544066134,0.005404910523021583,7137,5,1
xlsr300m,manner,24,en_us,es_419,0.5435881722077525,0.0064885721252894366,0.5045976360148224,0.014100001851832807,0.10087076076993584,0.0013520723123553098,0.33721464685153973,0.006049891341806822,6527,5,1
xlsr300m,manner,24,de_de,en_us,0.5923371647509579,0.006598611938238039,0.47920287659470084,0.006582659222230544,0.08658060642449715,0.001483798615682467,0.27624521072796937,0.006037145614507709,5220,5,1
xlsr300m,manner,24,de_de,es_419,0.5242837444461468,0.006696973653084124,0.4163098666909047,0.005372818980936167,0.08141549725442343,0.0013411511977125601,0.25555385322506513,0.005279043942422431,6527,5,1
xlsr300m,manner,24,es_419,en_us,0.5532567049808429,0.0064907889811669905,0.49296465673901346,0.007975682227617619,0.09712793733681462,0.001587246901078722,0.32068965517241377,0.0069298461966577525,5220,5,1
xlsr300m,manner,24,es_419,de_de,0.5918453131567886,0.005796707401233832,0.47094764207560535,0.0059814357458933196,0.08885013623978202,0.0013079247988190337,0.2855541544066134,0.005404910523021583,7137,5,1
xlsr300m,place,24,en_us,de_de,0.7330811265237495,0.004944637742619813,0.681363195320313,0.005957007026075439,0.2442964935641367,0.001615195904702609,0.5783942833123161,0.006034057313963319,7137,3,1
xlsr300m,place,24,en_us,es_419,0.7174812318063429,0.0052896488450648845,0.6325919831483796,0.007010956337428372,0.27444264166816895,0.0012693774536372286,0.6997089014861345,0.005501835081916693,6527,3,1
xlsr300m,place,24,de_de,en_us,0.6969348659003831,0.00574393270136588,0.6168208307904273,0.006803943491114331,0.2707622298065984,0.001342318957935745,0.6839080459770115,0.005707973594186437,5220,3,1
xlsr300m,place,24,de_de,es_419,0.6177416883713804,0.006112290741428718,0.5268552629232983,0.006816204767640479,0.27444264166816895,0.0012693774536372286,0.6997089014861345,0.005501835081916693,6527,3,1
xlsr300m,place,24,es_419,en_us,0.753639846743295,0.005620489772149935,0.6696156590955128,0.007415991545736562,0.2707622298065984,0.001342318957935745,0.6839080459770115,0.005707973594186437,5220,3,1
xlsr300m,place,24,es_419,de_de,0.711923777497548,0.005653860777233131,0.642583603671451,0.006787569108228022,0.2442964935641367,0.001615195904702609,0.5783942833123161,0.006034057313963319,7137,3,1
